{
  "cities": {
    "total_unique": 1225,
    "values": [
      "Aberdeen",
      "Abilene",
      "Adairsville",
      "Addison",
      "Akron",
      "Alabaster",
      "Albany",
      "Albert Lea",
      "Albuquerque",
      "Alexandria",
      "Algona",
      "Allen Park",
      "Allenton",
      "Allentown",
      "Alsip",
      "Altoona",
      "Amarillo",
      "American Canyon",
      "Americus",
      "Ames",
      "Amherst",
      "Ammon",
      "Andalusia",
      "Anderson",
      "Ankeny",
      "Ann Arbor",
      "Anniston",
      "Anthony",
      "Antioch",
      "Apopka",
      "Appleton",
      "Arden",
      "Ardmore",
      "Arkadelphia",
      "Arlington",
      "Ash Fork",
      "Ashaway",
      "Ashdown",
      "Asheville",
      "Ashland",
      "Ashley",
      "Atlanta",
      "Atlanta,",
      "Attalla",
      "Auburn",
      "Auburn Hills",
      "Auburndale",
      "Augusta",
      "Aurora",
      "Austell",
      "Austin",
      "Avon",
      "Avondale",
      "Bakersfield",
      "Baldwin",
      "Baldwinsville",
      "Baltimore",
      "Bangor",
      "Barberton",
      "Barling",
      "Barnwell",
      "Bartow",
      "Batavia",
      "Baton Rouge",
      "Bay City",
      "Bay Shore",
      "Bayfield",
      "Bayonne",
      "Baytown",
      "Beckley",
      "Bedford",
      "Bedford Hills",
      "Bedford Park",
      "Bedford heights",
      "Belgrade",
      "Belle Vernon",
      "Bellefonte",
      "Belleville",
      "Bellevue",
      "Bellingham",
      "Bellmawr",
      "Beloit",
      "Belton",
      "Beltsville",
      "Belvidere",
      "Benicia",
      "Bensalem",
      "Bensenville",
      "Bentonville",
      "Berkeley",
      "Bessemer",
      "Bethel",
      "Bethlehem",
      "Beverly",
      "Billings",
      "Biloxi",
      "Birmingham",
      "Blackfoot",
      "Blaine",
      "Blakely",
      "Bloomingdale",
      "Bloomington",
      "Bluefield",
      "Boise",
      "Bolingbrook",
      "Bonita Springs",
      "Boonville",
      "Bordentown",
      "Boston",
      "Bound Brook",
      "Bourbonnais",
      "Bowling Green",
      "Boyne City",
      "Bozeman",
      "Braintree",
      "Brea",
      "Breinigsville",
      "Brentwood",
      "Bridgeport",
      "Bridgeton",
      "Bridgeview",
      "Bridgewater",
      "Brighton",
      "Bristol",
      "Brockport",
      "Broken Arrow",
      "Brook Park",
      "Brooklyn",
      "Brooklyn Heights",
      "Brookshire",
      "Brownsburg",
      "Brownstown TWP",
      "Brownstown Township",
      "Brownsville",
      "Buda",
      "Buena",
      "Buena Park",
      "Buena Vista",
      "Buffalo",
      "Burien",
      "Burleson",
      "Burley",
      "Burlingame",
      "Burlington",
      "Burton",
      "Cadillac",
      "Calera",
      "Calexico",
      "Calhoun",
      "Calumet City",
      "Camden",
      "Camp Hill",
      "Canton",
      "Carlstadt",
      "Carol Stream",
      "Carrollton",
      "Carson",
      "Carteret",
      "Cartersville",
      "Carterville",
      "Cascade",
      "Casper",
      "Castle",
      "Cayce",
      "Cedar Falls",
      "Cedar Hill",
      "Cedar Rapids",
      "Centennial",
      "Centralia",
      "Centreville",
      "Cerritos",
      "Chambersburg",
      "Champaign",
      "Chandler",
      "Charles Town",
      "Charleston",
      "Charlotte",
      "Chaska",
      "Chatfield",
      "Chattanooga",
      "Cheektowaga",
      "Chelsea",
      "Cherokee",
      "Cherry Hill Township",
      "Chesapeake",
      "Chester",
      "Chesterton",
      "Cheswick",
      "Cheyenne",
      "Chicago",
      "Chicago Heights",
      "Chicago Ridge",
      "Chicgo",
      "Chickasaw",
      "Chickasha",
      "Chicopee",
      "Chillicothe",
      "Chino",
      "Chippewa Falls",
      "Chula Vista",
      "Cincinnati",
      "Citrus Heights",
      "City of Industry",
      "Clackamas",
      "Clare",
      "Clarksburg",
      "Clarksville",
      "Claxton",
      "Claymont",
      "Claysburg",
      "Clayton",
      "Clearfield",
      "Cleaveland",
      "Clemmons",
      "Cleveland",
      "Clevland",
      "Clifton",
      "Clinton",
      "Clive",
      "Clyde",
      "Cochranville",
      "College Park",
      "Colorado Springs",
      "Colton",
      "Columbia",
      "Columbus",
      "Commerce",
      "Commerce City",
      "Concord",
      "Conley",
      "Connellsville",
      "Conover",
      "Conroe",
      "Conway",
      "Cookeville",
      "Coon Rapids",
      "Cooper",
      "Coopersville",
      "Coppell",
      "Cordele",
      "Corona",
      "Cortez",
      "Corunna",
      "Covington",
      "Cranberry Township",
      "Cranston",
      "Crete",
      "Cristi",
      "Crown Point",
      "Crystal",
      "Crystal Lake",
      "Crystal Springs",
      "Cudahy",
      "Cumberland",
      "Cypress",
      "DFW Airport",
      "Dallas",
      "Dandridge",
      "Dania Beach",
      "Danville",
      "Davenport",
      "Davisville",
      "Dayton",
      "Daytona Beach",
      "Dearborn",
      "Decatur",
      "Deerfield",
      "Defiance",
      "Delanco",
      "Delano",
      "Demanko Logistics",
      "Denison",
      "Denton",
      "Denver",
      "Des Moines",
      "Des Moines,",
      "Des Plaines",
      "Detroit",
      "Detroit Lakes",
      "Devens",
      "Dickson",
      "Dinuba",
      "Dixon",
      "Dodge City",
      "Dodge Ciy",
      "Doral",
      "Doraville",
      "Dothan",
      "Douglasville",
      "Dover",
      "Draper",
      "Dublin",
      "Dulles",
      "Duluth",
      "Duncan",
      "Dundalk",
      "Dunkirk",
      "Dunmore",
      "Dunn",
      "Durango",
      "Durham",
      "Eagan",
      "Eagle Pass",
      "Earth City",
      "East Boston",
      "East Hartford",
      "East Hatford",
      "East Lansing",
      "East Liberty",
      "East Peoria",
      "East Point",
      "East St. Louis",
      "East Stroudsburg",
      "East Syracuse",
      "East Wenatchee",
      "East Windsor",
      "Eastaboga",
      "Edenton",
      "Edgerton",
      "Edinburg",
      "Edison",
      "Edwardsville",
      "El Mirage",
      "El Paso",
      "El Reno",
      "Elgin",
      "Elizabeth",
      "Elizabethtown",
      "Elk Grove",
      "Elk Grove Village",
      "Elkart",
      "Elkridge",
      "Elkton",
      "Ellenboro",
      "Ellisville",
      "Elmira",
      "Elmira Heights",
      "Elwood",
      "Enfield",
      "Englewood",
      "Ephrata",
      "Erie",
      "Erlanger",
      "Etters",
      "Eugene",
      "Euless",
      "Evansville",
      "Everett",
      "Exeter",
      "Exton",
      "Fair Lawn",
      "Fairfax",
      "Fairfield",
      "Fairless Hills",
      "Fairmont",
      "Fairmont City",
      "Fairview",
      "Fall River",
      "Falmouth",
      "Fargo",
      "Faribault",
      "Farmers Branch",
      "Farmingdale",
      "Farmington",
      "Farmington Hills",
      "Fayetteville",
      "Federalsburg",
      "Ferndale",
      "Fife",
      "Findlay",
      "Flagstaff",
      "Fletcher",
      "Flint",
      "Florence",
      "Flowery Branch",
      "Folcroft",
      "Follansbee",
      "Fond Du Lac",
      "Fontana",
      "Forest City",
      "Forest Grove",
      "Forest Park",
      "Foristell",
      "Fort Collins",
      "Fort Lauderdale",
      "Fort Morgan",
      "Fort Myers",
      "Fort Piece",
      "Fort Smith",
      "Fort Wayne",
      "Fort Worth",
      "Fostoria",
      "Franklin",
      "Frederick",
      "Fredericksburg",
      "Freemont",
      "Fremont",
      "Fresno",
      "Fridley",
      "Friesland",
      "Friona",
      "Fullerton",
      "Fulton",
      "Fultonville",
      "Gaffney",
      "Gainesville",
      "Gallatin",
      "Garden City",
      "Garden Grove",
      "Gardena",
      "Gardginer",
      "Garfield",
      "Garland",
      "Gary",
      "Gastonia",
      "Georgetown",
      "Germantown",
      "Gibraltar",
      "Gibsonia",
      "Glen Burnie",
      "Glendale",
      "Glenshaw",
      "Gloucester",
      "Gloucester City",
      "Gloversville",
      "Golden",
      "Golden Valley",
      "Goldfield",
      "Goodlettsville",
      "Goose Creek",
      "Gouldsboro",
      "Grand Bay",
      "Grand Forks",
      "Grand Island",
      "Grand Junction",
      "Grand Ledge",
      "Grand Prairie",
      "Grand Rapids",
      "Grandview",
      "Grandville",
      "Granite City",
      "Grantsville",
      "Grapevine",
      "Gray Court",
      "Greeley",
      "Green Bay",
      "Greencastle",
      "Greeneville",
      "Greenfield",
      "Greensboro",
      "Greensburg",
      "Greenville",
      "Greer",
      "Grenada",
      "Grimes",
      "Grinnell",
      "Grove",
      "Groveport",
      "Gulfport",
      "Hadley",
      "Haines City",
      "Hamden",
      "Hamilton",
      "Hamilton Twnshp",
      "Hammond",
      "Hammonton",
      "Hamtramck",
      "Hanahan",
      "Hanford",
      "Hanover",
      "Hanover Park",
      "Harrisburg",
      "Harrisonburg",
      "Hart",
      "Hartford",
      "Haslet",
      "Hastings",
      "Hattiesburg",
      "Hauppauge",
      "Hawthorne",
      "Hayward",
      "Hazelton",
      "Hazelwood",
      "Hazle Township",
      "Hazleton",
      "Hebron",
      "Helena",
      "Henderson",
      "Henrico",
      "Hermon",
      "Hertford",
      "Hialeah",
      "Hialeah Gardens",
      "Hicksville",
      "Hightstown",
      "Hillsboro",
      "Hilo",
      "Hodgkins",
      "Hoffman Estates",
      "Holbrook",
      "Holden",
      "Holland",
      "Hollywood",
      "Honolulu",
      "Hooks",
      "Hopewell",
      "Hopkins",
      "Hopkinsville",
      "Horseheads",
      "Horsham",
      "Houston",
      "Houston,",
      "Howell",
      "Hudson",
      "Hudsonville",
      "Humble",
      "Huntington",
      "Huntsville",
      "Hurricane",
      "Hutchins",
      "Idaho Falls",
      "Independence",
      "Indianapolis",
      "Inver Grove Heights",
      "Iowa City",
      "Irvine",
      "Irving",
      "Irvington",
      "Irwindale",
      "Itasca",
      "JURUPA VALLEY",
      "Jackson",
      "Jacksonville",
      "Jacksonville,",
      "Jamesburg",
      "Jefferson",
      "Jeffersonville",
      "Jerome",
      "Jersey City",
      "Jessup",
      "Johnstown",
      "Joilet",
      "Joliet",
      "Joplin",
      "Joseph",
      "Jupiter",
      "Jurupa Valley",
      "Kalamazoo",
      "Kansas City",
      "Katy",
      "Kearny",
      "Kendall",
      "Kenner",
      "Kennesaw",
      "Kennewick",
      "Kenosha",
      "Kenova",
      "Kent",
      "Kentwood",
      "Kettering",
      "Kewaskum",
      "Killeen",
      "Kings Mountain",
      "Kirkwood",
      "Kissimmee",
      "Knoxville",
      "Kyle",
      "La Crosse",
      "La Parte",
      "La Porte",
      "La Vergne",
      "La Vista",
      "La porte",
      "LaPorte",
      "LaVergne",
      "Lachine",
      "Lackawanna",
      "Ladson",
      "Lafayette",
      "Lake Charles",
      "Lake City",
      "Lake Mills",
      "Lakeland",
      "Lakeville",
      "Lakewood",
      "Lancaster",
      "Lansing",
      "Laredo",
      "Las Cruces",
      "Las Vegas",
      "Lathrop",
      "Lawrence",
      "Lawrenceburg",
      "Lawrenceville",
      "Le Mars",
      "Leawood",
      "Lebanon",
      "Lee",
      "Lee's Summit",
      "Leetsdale",
      "Lehi",
      "Leland",
      "Lenexa",
      "Lenoir",
      "Lenoir City",
      "Lewiston",
      "Lewistown",
      "Lexington",
      "Lexington County",
      "Liberty",
      "Lima",
      "Lincoln",
      "Lincoln Park",
      "Linden",
      "Lindenhurst",
      "Lino Lakes",
      "Lisbon",
      "Litchfield Park",
      "Lithia Springs",
      "Lithonia",
      "Little Chute",
      "Little Rock",
      "Livermore",
      "Liverpool",
      "Livonia",
      "Lockbourne",
      "Lockhart",
      "Locust Grove",
      "Lodi",
      "Logan",
      "Logan Township",
      "Lom",
      "Lombard",
      "London",
      "Londonderry",
      "Long Beach",
      "Longmont",
      "Los Angeles",
      "Loudon",
      "Louisville",
      "Loveland",
      "Lubbock",
      "Lucerne",
      "Luckey",
      "Lumberton",
      "Luverne",
      "Lynchburg",
      "Lynden",
      "Lyndhurst",
      "Lyons",
      "MIlwaukee",
      "Macon",
      "Madera",
      "Madison",
      "Malta",
      "Manassas",
      "Manchester",
      "Mankato",
      "Manor",
      "Mansfield",
      "Manteca",
      "Manteno",
      "Marietta",
      "Marion",
      "Markham",
      "Marrieta",
      "Marshalltown",
      "Marshville",
      "Martinsburg",
      "Maryland Heights",
      "Marysville",
      "Mason",
      "Mason Citty",
      "Maspeth",
      "Massillon",
      "Matthews",
      "Mattoon",
      "McAllen",
      "McCalla",
      "McCarran",
      "McClellan Park",
      "McCook",
      "McDonough",
      "McJunkin",
      "McKinney",
      "McSherrystown",
      "Mcallen",
      "Mccook",
      "Mechanic Falls",
      "Medina",
      "Medley",
      "Melbourne",
      "Melrose Park",
      "Melville",
      "Melvindale",
      "Memphis",
      "Menasha",
      "Menomonee Falls",
      "Mentor",
      "Meridian",
      "Mesa",
      "Miama Springs",
      "Miami",
      "Miami Gardens",
      "Miami Lakes",
      "Miami Springs",
      "Middleburg Heights",
      "Middlesex",
      "Middletown",
      "Midland",
      "Midlothian",
      "Milburn",
      "Milford",
      "Milkwaukee",
      "Millinocket",
      "Millston",
      "Milton",
      "Milwaukee",
      "Milwaukie",
      "Minneapolis",
      "Minooka",
      "Mira Loma",
      "Miramar",
      "Mission",
      "Mobile",
      "Modesto",
      "Modoc",
      "Mogadore",
      "Moncks Corner",
      "Monee",
      "Monmouth Junction",
      "Monroe",
      "Monroe Township",
      "Montebello",
      "Montezuma",
      "Montgomery",
      "Montgomery County",
      "Moosic",
      "Morristown",
      "Morrisville",
      "Morrow",
      "Moses Lake",
      "Moss Landing",
      "Mount Joy",
      "Mount Morris",
      "Mount Pleasant",
      "Mountville",
      "Mt. Juliet",
      "Mulberry",
      "Murfreesboro",
      "Murray",
      "Muscatine",
      "Muscoda",
      "Muskego",
      "Muskegon",
      "N Kansas City",
      "Nampa",
      "Napa",
      "Napoleon",
      "Nashua",
      "Nashville",
      "National Staffing",
      "Navarre",
      "New Bedford",
      "New Brighton",
      "New Castle",
      "New Cumberland",
      "New Hartford",
      "New Hope",
      "New Jersey",
      "New Milford",
      "New Orleans",
      "New York",
      "Newark",
      "Newfield",
      "Newfiled",
      "Newnan",
      "Newport News",
      "Newton",
      "Niagara Falls",
      "Niles",
      "Nitro",
      "Nogales",
      "Norcross",
      "Norfolk",
      "North Brunswick",
      "North Canton",
      "North Charleston",
      "North East",
      "North Fort Myers",
      "North Glencoe",
      "North Highlands",
      "North Kansas City",
      "North Las Vegas",
      "North Little Rock",
      "North West Comstock Park",
      "Northvale",
      "Northwood",
      "Norton",
      "Novi",
      "Oak Creek",
      "Oakdale",
      "Oakland",
      "Oakwood Village",
      "Ocala",
      "Ocoee",
      "Odessa",
      "Ogden",
      "Oklahoma City",
      "Olathe",
      "Old Bethpage",
      "Olean",
      "Olive Branch",
      "Olivehurst",
      "Omaha",
      "Ontario",
      "Ooltewah",
      "Orange",
      "Orangeburg",
      "Orland Park",
      "Orlando",
      "Ormond Beach",
      "Orwigsburg",
      "Othello",
      "Ottawa",
      "Owatonna",
      "Owen",
      "Owosso",
      "Oxford",
      "PATTERSON",
      "Painted Post",
      "Palestine",
      "Palmdale",
      "Palmetto",
      "Palo Alto",
      "Panama City",
      "Paramus",
      "Parkersburg",
      "Pasadena",
      "Pasco",
      "Paterson",
      "Paw Paw",
      "Peabody",
      "Pearl",
      "Pemberton",
      "Pembroke",
      "Pendergrass",
      "Pendleton",
      "Pensacola",
      "Peoria",
      "Perris",
      "Perrysburg",
      "Perryville",
      "Perth Amboy",
      "Pharr",
      "Philadelphia",
      "Philidelphia",
      "Phoenix",
      "Pico Rivera",
      "Piedmont",
      "Pierce",
      "Piscataway",
      "Pittsburgh",
      "Pittston",
      "Placentia",
      "Plainfield",
      "Plant City",
      "Pleasant Prairie",
      "Pleasanton",
      "Plymouth",
      "Pocatello",
      "Pointe Aux Trembles",
      "Poland",
      "Polk City",
      "Pompano Beach",
      "Pooler",
      "Port Barre",
      "Port Isabel",
      "Port Murray",
      "Port Newark",
      "Port Wentworth",
      "Portland",
      "Portsmouth",
      "Post Falls",
      "Pottstown",
      "Pottsville",
      "Poughkeepsie",
      "Prescott",
      "Princeton",
      "Prosser",
      "Pulaski",
      "Puyallup",
      "Queen City",
      "Quincy",
      "Radford",
      "Rahway",
      "Raleigh",
      "Rancho Cucamonga",
      "Rancho Domingo",
      "Rancho Dominguez",
      "Randolph",
      "Rapid City",
      "Raynham",
      "Redlands",
      "Redmond",
      "Reedsburg",
      "Reno",
      "Renton",
      "Rialto",
      "Richardson",
      "Richfield",
      "Richland",
      "Richmond",
      "Richmond Hill",
      "Ridgefield",
      "Ridgeland",
      "Ridgeville",
      "Ridgeway",
      "Riverside",
      "Riverview",
      "Riviera Beach",
      "Roanoke",
      "Robbinsville",
      "Rochester",
      "Rochester Hills",
      "Rock Hill",
      "Rock Island",
      "Rock Spring",
      "Rockdale",
      "Rockford",
      "Rocky Mount",
      "Rogers",
      "Romeoville",
      "Romulus",
      "Rosemont",
      "Rosenberg",
      "Round Rock",
      "Ruffs Dale",
      "Russelville",
      "Rutherfordton",
      "Rutland",
      "SW Seattle",
      "Sacramento",
      "Sacramento,",
      "Saint George",
      "Saint Louis",
      "Saint Paul",
      "Salem",
      "Salina",
      "Salinas",
      "Salt Lake",
      "Salt Lake City",
      "Salt Lake City,",
      "San Antonio",
      "San Bernardino",
      "San Diego",
      "San Francisco",
      "San Jose",
      "San Leandro",
      "Sanborn",
      "Sandra Springs",
      "Sandston",
      "Santa Ana",
      "Santa Fe",
      "Santa Fe Springs",
      "Santa Teresa",
      "Saratoga County",
      "Saratoga Springs",
      "Sauget",
      "Savage",
      "Savannah",
      "Scarborough",
      "Schaumburg",
      "Schenectady",
      "Schertz",
      "Schofield",
      "Schulenburg",
      "Schuyler",
      "Scott",
      "Scottsdale",
      "Scranton",
      "Seattle",
      "Secaucus",
      "Selma",
      "Seneca",
      "Shafter",
      "Shakopee",
      "Sharon",
      "Sharon Hill",
      "Sheffield",
      "Shelbyville",
      "Shelton",
      "Shepherdsville",
      "Shoemakersville",
      "Shortsville",
      "Shreveport",
      "Sidney",
      "Silver bow",
      "Simpsonville",
      "Sioux City",
      "Sioux Falls",
      "Sioux Falls,",
      "Skowhegan",
      "Smyrna",
      "Sodus",
      "Solon",
      "Somerset",
      "Somerville",
      "Somsert",
      "South Bend",
      "South Burlington",
      "South Kent",
      "South Paris",
      "South River",
      "South San Francisco",
      "South Seattle",
      "Southaven",
      "Southbury",
      "Southington",
      "Spanaway",
      "Spark",
      "Sparks",
      "Sparrows Point",
      "Sparta",
      "Spartanburg",
      "Sperry",
      "Spokane",
      "Spokane Valley",
      "Spring Arbor",
      "Springdale",
      "Springfield",
      "Springfield Gardens",
      "St Joseph",
      "St. Bernard",
      "St. Louis",
      "St. Paul",
      "Stafford",
      "Stamford",
      "Starr",
      "State College",
      "Statesville",
      "Stockton",
      "Stoughton",
      "Stratford",
      "Strongsville",
      "Sturbridge",
      "Sturtevant",
      "Sudlersville",
      "Suffield",
      "Suffolk",
      "Sugar Land",
      "Summer",
      "Summerville",
      "Summit",
      "Sumner",
      "Sunnyvale",
      "Sunrise",
      "Suwanee",
      "Swanton",
      "Sylmar",
      "Syracuse",
      "TEST",
      "Tacoma",
      "Tallahassee",
      "Tallmadge",
      "Tampa",
      "Tarboro",
      "Taunton",
      "Taylor",
      "Taylors",
      "Tejon Ranch",
      "Temecula",
      "Tempe",
      "Temple",
      "Terre Haute",
      "Terrell",
      "Teterboro",
      "Texarkana",
      "Theodore",
      "Thomaston",
      "Thornton",
      "Tiffin",
      "Tifton",
      "Tigard",
      "Tinley Park",
      "Tipp City",
      "Tobyhanna",
      "Toledo",
      "Tolleson",
      "Tonawanda",
      "Torrance",
      "Torrence",
      "Township",
      "Tracy",
      "Tranquillity",
      "Traverse City",
      "Tremonton",
      "Trenton",
      "Troutdale",
      "Troy",
      "Truckee",
      "Trumbull",
      "Tualatin",
      "Tucker",
      "Tucson",
      "Tullahoma",
      "Tulsa",
      "Turlock",
      "Twin Falls",
      "Tyler",
      "Tyner",
      "Unadilla",
      "Union",
      "Union City",
      "University Park",
      "Utica",
      "Valdosta",
      "Valencia",
      "Valley Park",
      "Vancouver",
      "Varennes",
      "Vernon",
      "Vesper",
      "Vicksburg",
      "Victor",
      "Vienna",
      "Vineland",
      "Virginia Beach",
      "Waco",
      "Waddell",
      "Wakefield",
      "Walker",
      "Wallingford",
      "Walton",
      "Wapakoneta",
      "Wapato",
      "Warren",
      "Warrendale",
      "Warwick",
      "Washington",
      "Washington Park",
      "Waterbury",
      "Waterford",
      "Waterloo",
      "Waterville",
      "Watervliet",
      "Watsonville",
      "Waukesha",
      "Wauwatosa",
      "Waxahachie",
      "Wayland",
      "Wayne",
      "Waynesville",
      "Weatherford",
      "Weedsport",
      "Weirton",
      "Wenatchee",
      "West Allis",
      "West Bend",
      "West Caldwell",
      "West Chester",
      "West Chester Township",
      "West Chicago",
      "West Columbia",
      "West Conroe",
      "West Covina",
      "West Dunbar",
      "West Hartford",
      "West Haven",
      "West Jordan",
      "West Mifflin",
      "West Monroe",
      "West Palm Beach",
      "West Sacramento",
      "West Valley City",
      "Westampton",
      "Westbrook",
      "Westfield",
      "Westminster",
      "Wexford",
      "Weyauwega",
      "White River Junction",
      "Whitehall",
      "Whitestown",
      "Wichita",
      "Wilkes-Barre",
      "Willard",
      "Williamsburg",
      "Williamsport",
      "Williston",
      "Wilmer",
      "Wilmington",
      "Wilsonville",
      "Wilton",
      "Winchester",
      "Wind Gap",
      "Windham",
      "Windsor",
      "Windsor Locks",
      "Winona",
      "Winslow",
      "Winston Salem",
      "Winter Haven",
      "Winter Haven,",
      "Wisconsin Rapids",
      "Woburn",
      "Wood Dale",
      "Woodbridge",
      "Woodburn",
      "Wooddale",
      "Woodland",
      "Woodlawn",
      "Woodridge",
      "Woodstock",
      "Woodville",
      "Woonsocket",
      "Worcester",
      "Worthington",
      "Wyoming",
      "Wytheville",
      "Yakima",
      "York",
      "Yorkville",
      "Youngwood"
    ],
    "counts": {
      "Houston": 60,
      "Jacksonville": 43,
      "Memphis": 36,
      "Laredo": 32,
      "Kansas City": 29,
      "Denver": 29,
      "Louisville": 29,
      "El Paso": 28,
      "Salt Lake City": 28,
      "Miami": 28,
      "Columbus": 26,
      "Portland": 25,
      "Ontario": 25,
      "Hayward": 24,
      "Milwaukee": 24,
      "San Antonio": 24,
      "Indianapolis": 23,
      "Charlotte": 23,
      "Dallas": 22,
      "Atlanta": 22,
      "Chicago": 21,
      "Nashville": 19,
      "Phoenix": 19,
      "Las Vegas": 17,
      "Fort Worth": 16,
      "Charleston": 16,
      "Fontana": 15,
      "Savannah": 15,
      "North Charleston": 15,
      "Baltimore": 15,
      "Orlando": 14,
      "Stockton": 14,
      "Chesapeake": 14,
      "San Diego": 13,
      "Aurora": 13,
      "Sparks": 13,
      "Albuquerque": 13,
      "Cincinnati": 13,
      "Grand Rapids": 13,
      "Tampa": 12,
      "Amarillo": 12,
      "Omaha": 12,
      "Oklahoma City": 11,
      "Auburn": 11,
      "Los Angeles": 10,
      "Philadelphia": 10,
      "Austin": 10,
      "Buffalo": 10,
      "Des Moines": 10,
      "Rochester": 10,
      "Kent": 10,
      "Mobile": 10,
      "Birmingham": 10,
      "Arlington": 10,
      "Vernon": 9,
      "Albany": 9,
      "San Jose": 9,
      "Fairfield": 9,
      "Fort Smith": 9,
      "Fort Wayne": 9,
      "Lubbock": 9,
      "Detroit": 9,
      "Oakland": 9,
      "Greenville": 9,
      "Carson": 9,
      "Springfield": 9,
      "Hazleton": 9,
      "Franklin": 9,
      "Madison": 9,
      "Greensboro": 9,
      "Danville": 8,
      "Knoxville": 8,
      "Sioux Falls": 8,
      "Sumner": 8,
      "Romulus": 8,
      "Dayton": 8,
      "Grand Prairie": 8,
      "Baton Rouge": 8,
      "Lebanon": 8,
      "Findlay": 8,
      "Tacoma": 8,
      "Sacramento": 8,
      "Scranton": 8,
      "Boise": 8,
      "Durham": 7,
      "Reno": 7,
      "Texarkana": 7,
      "Ladson": 7,
      "Newark": 7,
      "Richland": 7,
      "Fife": 7,
      "Hanover": 7,
      "Raleigh": 7,
      "College Park": 7,
      "Wilmington": 7,
      "Syracuse": 7,
      "Jackson": 7,
      "Canton": 7,
      "Elizabeth": 7,
      "McDonough": 7,
      "Tulsa": 7,
      "Fresno": 7,
      "Lexington": 7,
      "Cartersville": 7,
      "Riverside": 6,
      "Richmond": 6,
      "Decatur": 6,
      "Terre Haute": 6,
      "Fargo": 6,
      "Chattanooga": 6,
      "Dublin": 6,
      "Auburndale": 6,
      "Medley": 6,
      "Cedar Rapids": 6,
      "Houston,": 6,
      "Sparta": 6,
      "Davenport": 6,
      "Spartanburg": 6,
      "Fayetteville": 6,
      "Norfolk": 6,
      "Bakersfield": 6,
      "New Orleans": 6,
      "Elk Grove Village": 6,
      "New Castle": 6,
      "Lakeland": 6,
      "Greer": 6,
      "Brighton": 5,
      "Pooler": 5,
      "Toledo": 5,
      "Lancaster": 5,
      "Evansville": 5,
      "Waco": 5,
      "Little Rock": 5,
      "Holland": 5,
      "Albert Lea": 5,
      "Winchester": 5,
      "Pittston": 5,
      "Kalamazoo": 5,
      "Burleson": 5,
      "Waterloo": 5,
      "Henrico": 5,
      "Tolleson": 5,
      "Henderson": 5,
      "Carrollton": 5,
      "Belvidere": 5,
      "Bloomington": 5,
      "Long Beach": 5,
      "Pharr": 5,
      "Cleveland": 5,
      "Napa": 5,
      "Smyrna": 5,
      "Colton": 5,
      "Edison": 5,
      "Rockford": 5,
      "San Bernardino": 5,
      "Taunton": 5,
      "Hazelwood": 5,
      "Forest Park": 5,
      "West Chester": 5,
      "Manchester": 5,
      "Garden City": 5,
      "Macon": 5,
      "Lafayette": 5,
      "Mira Loma": 5,
      "Altoona": 5,
      "Covington": 5,
      "Morristown": 5,
      "Calexico": 4,
      "Romeoville": 4,
      "Westfield": 4,
      "Bangor": 4,
      "Baytown": 4,
      "Fridley": 4,
      "Pompano Beach": 4,
      "Plainfield": 4,
      "Tucson": 4,
      "Summerville": 4,
      "Greenfield": 4,
      "Shelbyville": 4,
      "Owosso": 4,
      "Winston Salem": 4,
      "Linden": 4,
      "Plant City": 4,
      "Nogales": 4,
      "Wytheville": 4,
      "Joliet": 4,
      "Colorado Springs": 4,
      "Vineland": 4,
      "Somerset": 4,
      "Anderson": 4,
      "Columbia": 4,
      "Woodville": 4,
      "Gardena": 4,
      "Morrow": 4,
      "Hebron": 4,
      "Lithia Springs": 4,
      "Duluth": 4,
      "Goodlettsville": 4,
      "Schertz": 4,
      "McAllen": 4,
      "Lansing": 4,
      "Commerce": 4,
      "Walton": 4,
      "Scarborough": 4,
      "Grand Forks": 4,
      "Loudon": 4,
      "Huntsville": 4,
      "Chino": 4,
      "Troy": 4,
      "Liverpool": 4,
      "Tracy": 4,
      "Allentown": 4,
      "Worcester": 4,
      "Jersey City": 4,
      "Farmingdale": 4,
      "Bolingbrook": 4,
      "Ogden": 4,
      "Coppell": 4,
      "Green Bay": 4,
      "La Crosse": 4,
      "Parkersburg": 4,
      "La Porte": 4,
      "Pasco": 4,
      "Spokane": 4,
      "Windsor": 4,
      "St. Louis": 4,
      "Bedford Park": 4,
      "Olive Branch": 4,
      "Wayland": 4,
      "Saint Louis": 4,
      "Irving": 4,
      "Benicia": 3,
      "Hammond": 3,
      "Doral": 3,
      "Calumet City": 3,
      "Avon": 3,
      "Salem": 3,
      "Livermore": 3,
      "Honolulu": 3,
      "Erie": 3,
      "Idaho Falls": 3,
      "Bethlehem": 3,
      "Bessemer": 3,
      "Eugene": 3,
      "York": 3,
      "Kearny": 3,
      "Dothan": 3,
      "Glendale": 3,
      "Antioch": 3,
      "Stratford": 3,
      "Shreveport": 3,
      "Gouldsboro": 3,
      "Milton": 3,
      "Augusta": 3,
      "Wayne": 3,
      "New Bedford": 3,
      "Ashland": 3,
      "Nashua": 3,
      "Port Wentworth": 3,
      "Mansfield": 3,
      "Pasadena": 3,
      "Taylor": 3,
      "Huntington": 3,
      "Modesto": 3,
      "Fullerton": 3,
      "Odessa": 3,
      "Elizabethtown": 3,
      "Lombard": 3,
      "Moncks Corner": 3,
      "Hillsboro": 3,
      "West Haven": 3,
      "Anniston": 3,
      "Markham": 3,
      "Fulton": 3,
      "American Canyon": 3,
      "Whitestown": 3,
      "Chandler": 3,
      "Brownsville": 3,
      "Warren": 3,
      "Elwood": 3,
      "Cheyenne": 3,
      "Pleasanton": 3,
      "Elgin": 3,
      "Bowling Green": 3,
      "Santa Fe Springs": 3,
      "Marion": 3,
      "Woodbridge": 3,
      "Akron": 3,
      "Addison": 3,
      "Clackamas": 3,
      "Clinton": 3,
      "Apopka": 3,
      "Shakopee": 3,
      "Secaucus": 3,
      "Cheektowaga": 3,
      "Corona": 3,
      "Grapevine": 3,
      "Watsonville": 3,
      "Pendergrass": 3,
      "Camp Hill": 3,
      "Ocala": 3,
      "Peoria": 3,
      "Carteret": 3,
      "Billings": 3,
      "Waukesha": 3,
      "West Sacramento": 3,
      "Burlington": 3,
      "Duncan": 3,
      "Fort Myers": 3,
      "Salt Lake": 3,
      "Lenoir City": 3,
      "Piedmont": 3,
      "Kenova": 3,
      "Tifton": 3,
      "Grand Junction": 3,
      "Nitro": 3,
      "Florence": 3,
      "Poughkeepsie": 3,
      "Hialeah": 3,
      "Grandview": 3,
      "Hartford": 3,
      "Greeneville": 3,
      "Hialeah Gardens": 3,
      "Fremont": 3,
      "Rancho Cucamonga": 3,
      "West Dunbar": 2,
      "Chillicothe": 2,
      "Westminster": 2,
      "Conroe": 2,
      "Harrisburg": 2,
      "Williamsport": 2,
      "Lathrop": 2,
      "Leawood": 2,
      "Waterbury": 2,
      "Melrose Park": 2,
      "Round Rock": 2,
      "Tremonton": 2,
      "Doraville": 2,
      "Chula Vista": 2,
      "Minooka": 2,
      "Suwanee": 2,
      "Schenectady": 2,
      "Dearborn": 2,
      "Wilkes-Barre": 2,
      "Lakewood": 2,
      "Fort Lauderdale": 2,
      "Mogadore": 2,
      "Litchfield Park": 2,
      "North Little Rock": 2,
      "Novi": 2,
      "Torrance": 2,
      "Montgomery": 2,
      "Wenatchee": 2,
      "Buena": 2,
      "Springdale": 2,
      "Chester": 2,
      "St. Paul": 2,
      "Centennial": 2,
      "Mankato": 2,
      "Traverse City": 2,
      "Golden": 2,
      "Twin Falls": 2,
      "Wichita": 2,
      "Manteno": 2,
      "Gainesville": 2,
      "St Joseph": 2,
      "Bethel": 2,
      "Pittsburgh": 2,
      "Farmington": 2,
      "Seneca": 2,
      "Napoleon": 2,
      "Olean": 2,
      "Melville": 2,
      "Valdosta": 2,
      "New Hope": 2,
      "Jessup": 2,
      "Le Mars": 2,
      "Varennes": 2,
      "Wallingford": 2,
      "Garland": 2,
      "Hamilton Twnshp": 2,
      "Kenner": 2,
      "Lakeville": 2,
      "Roanoke": 2,
      "Lockbourne": 2,
      "Bridgeport": 2,
      "Conway": 2,
      "Tempe": 2,
      "San Francisco": 2,
      "Bedford": 2,
      "Sodus": 2,
      "Lincoln Park": 2,
      "Milford": 2,
      "Brentwood": 2,
      "Elkton": 2,
      "Gallatin": 2,
      "Cedar Falls": 2,
      "Cleaveland": 2,
      "East Hartford": 2,
      "Valencia": 2,
      "Cypress": 2,
      "Denison": 2,
      "Minneapolis": 2,
      "Burien": 2,
      "Meridian": 2,
      "Puyallup": 2,
      "Pottsville": 2,
      "Conley": 2,
      "Cookeville": 2,
      "Delanco": 2,
      "Buena Park": 2,
      "Bartow": 2,
      "Trenton": 2,
      "Hattiesburg": 2,
      "Bloomingdale": 2,
      "Broken Arrow": 2,
      "New Milford": 2,
      "West Chester Township": 2,
      "Suffolk": 2,
      "Appleton": 2,
      "Savage": 2,
      "Waynesville": 2,
      "Quincy": 2,
      "Sioux City": 2,
      "Alsip": 2,
      "Hurricane": 2,
      "Orwigsburg": 2,
      "Clyde": 2,
      "Wisconsin Rapids": 2,
      "Follansbee": 2,
      "Foristell": 2,
      "Sioux Falls,": 2,
      "Northwood": 2,
      "Edinburg": 2,
      "Rancho Domingo": 2,
      "N Kansas City": 2,
      "Eagan": 2,
      "Riviera Beach": 2,
      "Winter Haven": 2,
      "Bridgeton": 2,
      "Bayonne": 2,
      "Baldwinsville": 2,
      "Wind Gap": 2,
      "Algona": 2,
      "Des Plaines": 2,
      "Centralia": 2,
      "Cerritos": 2,
      "Philidelphia": 2,
      "Gloversville": 2,
      "Haines City": 2,
      "Madera": 2,
      "Middleburg Heights": 2,
      "Norcross": 2,
      "South Seattle": 2,
      "Menomonee Falls": 2,
      "Commerce City": 2,
      "Sharon Hill": 2,
      "Kings Mountain": 2,
      "Hazle Township": 2,
      "Westampton": 2,
      "Yakima": 2,
      "Cadillac": 2,
      "Londonderry": 2,
      "Federalsburg": 2,
      "Shoemakersville": 2,
      "Bozeman": 2,
      "Montebello": 2,
      "Morrisville": 2,
      "Lee": 2,
      "North Las Vegas": 2,
      "LaPorte": 2,
      "Pocatello": 2,
      "Waddell": 2,
      "Eastaboga": 2,
      "Scott": 2,
      "Melbourne": 2,
      "Vancouver": 2,
      "North Kansas City": 2,
      "Edgerton": 2,
      "Alabaster": 2,
      "Gloucester": 2,
      "Reedsburg": 2,
      "Sturbridge": 2,
      "Shepherdsville": 2,
      "Eagle Pass": 2,
      "Pensacola": 2,
      "Earth City": 2,
      "Portsmouth": 2,
      "Avondale": 2,
      "Groveport": 2,
      "Marysville": 2,
      "Lawrence": 2,
      "Burlingame": 2,
      "Salt Lake City,": 2,
      "JURUPA VALLEY": 2,
      "Flagstaff": 2,
      "LaVergne": 2,
      "Newton": 2,
      "Adairsville": 2,
      "Kissimmee": 2,
      "El Mirage": 2,
      "Bridgeview": 2,
      "Fairless Hills": 2,
      "Chickasaw": 2,
      "North Highlands": 2,
      "Fostoria": 2,
      "Nampa": 2,
      "Abilene": 2,
      "Union City": 2,
      "Youngwood": 2,
      "Perth Amboy": 2,
      "Lewiston": 2,
      "Bedford Hills": 2,
      "Kennewick": 2,
      "Devens": 2,
      "Haslet": 2,
      "Mesa": 2,
      "Bensenville": 2,
      "Wilton": 2,
      "Camden": 2,
      "Alexandria": 2,
      "Summit": 2,
      "Renton": 2,
      "Tucker": 2,
      "Livonia": 2,
      "Johnstown": 2,
      "Bonita Springs": 2,
      "Tonawanda": 2,
      "Ames": 2,
      "New York": 2,
      "Murfreesboro": 2,
      "Crown Point": 2,
      "Tallahassee": 2,
      "Tullahoma": 1,
      "Medina": 1,
      "Grove": 1,
      "Bensalem": 1,
      "Lima": 1,
      "Thornton": 1,
      "Prosser": 1,
      "Port Murray": 1,
      "Crystal Springs": 1,
      "Dinuba": 1,
      "Fairview": 1,
      "Springfield Gardens": 1,
      "Niles": 1,
      "Woburn": 1,
      "Hightstown": 1,
      "Jeffersonville": 1,
      "Sheffield": 1,
      "Cochranville": 1,
      "Andalusia": 1,
      "West Monroe": 1,
      "Montezuma": 1,
      "Coon Rapids": 1,
      "Dunmore": 1,
      "Grantsville": 1,
      "Bellefonte": 1,
      "Lexington County": 1,
      "Leland": 1,
      "Joilet": 1,
      "Rogers": 1,
      "Hamtramck": 1,
      "Bordentown": 1,
      "Dover": 1,
      "Barling": 1,
      "Howell": 1,
      "Troutdale": 1,
      "Kyle": 1,
      "Claxton": 1,
      "Sauget": 1,
      "Brookshire": 1,
      "Defiance": 1,
      "Bedford heights": 1,
      "Chatfield": 1,
      "Lehi": 1,
      "Pulaski": 1,
      "Union": 1,
      "Bellmawr": 1,
      "North West Comstock Park": 1,
      "Newnan": 1,
      "Lawrenceburg": 1,
      "Conover": 1,
      "Rocky Mount": 1,
      "Blackfoot": 1,
      "Pointe Aux Trembles": 1,
      "La Vergne": 1,
      "Las Cruces": 1,
      "Kennesaw": 1,
      "Cranston": 1,
      "Robbinsville": 1,
      "West Columbia": 1,
      "Fairfax": 1,
      "Cranberry Township": 1,
      "Grand Island": 1,
      "Selma": 1,
      "Lynchburg": 1,
      "Sacramento,": 1,
      "Thomaston": 1,
      "New Cumberland": 1,
      "Elkart": 1,
      "Weatherford": 1,
      "Gulfport": 1,
      "Kettering": 1,
      "Miramar": 1,
      "Clarksburg": 1,
      "Raynham": 1,
      "East Wenatchee": 1,
      "Edwardsville": 1,
      "Katy": 1,
      "Malta": 1,
      "Castle": 1,
      "Brownsburg": 1,
      "DFW Airport": 1,
      "Ellenboro": 1,
      "Warrendale": 1,
      "Ocoee": 1,
      "Lackawanna": 1,
      "Montgomery County": 1,
      "Iowa City": 1,
      "Rosemont": 1,
      "Moses Lake": 1,
      "Trumbull": 1,
      "Joplin": 1,
      "Erlanger": 1,
      "Saratoga County": 1,
      "Jupiter": 1,
      "North Canton": 1,
      "Orange": 1,
      "Folcroft": 1,
      "Township": 1,
      "Rutherfordton": 1,
      "Peabody": 1,
      "Kewaskum": 1,
      "Prescott": 1,
      "Burley": 1,
      "Ellisville": 1,
      "Tyner": 1,
      "Citrus Heights": 1,
      "McCook": 1,
      "Mt. Juliet": 1,
      "Garfield": 1,
      "East Peoria": 1,
      "Lynden": 1,
      "McCarran": 1,
      "Weedsport": 1,
      "North East": 1,
      "Clemmons": 1,
      "Falmouth": 1,
      "Beloit": 1,
      "Denton": 1,
      "East Stroudsburg": 1,
      "Seattle": 1,
      "West Valley City": 1,
      "Victor": 1,
      "Ridgeland": 1,
      "Yorkville": 1,
      "Lucerne": 1,
      "Crete": 1,
      "Saint Paul": 1,
      "Manassas": 1,
      "Casper": 1,
      "McSherrystown": 1,
      "Paterson": 1,
      "PATTERSON": 1,
      "Belton": 1,
      "Brooklyn": 1,
      "Terrell": 1,
      "Mulberry": 1,
      "Chaska": 1,
      "Chippewa Falls": 1,
      "Lumberton": 1,
      "Mission": 1,
      "Williston": 1,
      "Edenton": 1,
      "Newfield": 1,
      "Lake Charles": 1,
      "Leetsdale": 1,
      "Watervliet": 1,
      "Cumberland": 1,
      "Crystal": 1,
      "Ridgeway": 1,
      "Dunn": 1,
      "Mechanic Falls": 1,
      "Greencastle": 1,
      "Sunrise": 1,
      "Gaffney": 1,
      "Euless": 1,
      "Mcallen": 1,
      "Blaine": 1,
      "Painted Post": 1,
      "Holbrook": 1,
      "Jacksonville,": 1,
      "La Vista": 1,
      "Temecula": 1,
      "Massillon": 1,
      "Exton": 1,
      "Gastonia": 1,
      "Rock Spring": 1,
      "Joseph": 1,
      "Middletown": 1,
      "Ridgefield": 1,
      "Hauppauge": 1,
      "Wapakoneta": 1,
      "Chicopee": 1,
      "Hodgkins": 1,
      "Cheswick": 1,
      "Maryland Heights": 1,
      "Spring Arbor": 1,
      "Buda": 1,
      "Ferndale": 1,
      "Luckey": 1,
      "Hamden": 1,
      "Longmont": 1,
      "Walker": 1,
      "Beverly": 1,
      "Brockport": 1,
      "West Chicago": 1,
      "Beckley": 1,
      "Liberty": 1,
      "Cayce": 1,
      "Woodland": 1,
      "Hilo": 1,
      "Hanford": 1,
      "Post Falls": 1,
      "Bound Brook": 1,
      "Tarboro": 1,
      "Bluefield": 1,
      "Southbury": 1,
      "Mountville": 1,
      "Daytona Beach": 1,
      "Tranquillity": 1,
      "Unadilla": 1,
      "Fair Lawn": 1,
      "Arkadelphia": 1,
      "Grandville": 1,
      "Millston": 1,
      "Oak Creek": 1,
      "Cordele": 1,
      "Marrieta": 1,
      "Princeton": 1,
      "Sugar Land": 1,
      "Ooltewah": 1,
      "Fairmont": 1,
      "Shelton": 1,
      "Wilmer": 1,
      "Draper": 1,
      "Dodge City": 1,
      "Lachine": 1,
      "Lindenhurst": 1,
      "Boyne City": 1,
      "Horsham": 1,
      "Owen": 1,
      "Dulles": 1,
      "Americus": 1,
      "Richardson": 1,
      "South Paris": 1,
      "Midland": 1,
      "Salinas": 1,
      "Des Moines,": 1,
      "Dania Beach": 1,
      "Santa Ana": 1,
      "Rialto": 1,
      "Mount Pleasant": 1,
      "Ottawa": 1,
      "Mattoon": 1,
      "City of Industry": 1,
      "Warwick": 1,
      "Durango": 1,
      "Newfiled": 1,
      "Logan": 1,
      "McClellan Park": 1,
      "Stoughton": 1,
      "Kendall": 1,
      "Lithonia": 1,
      "Riverview": 1,
      "Waterford": 1,
      "Wyoming": 1,
      "Killeen": 1,
      "Woodburn": 1,
      "Oakwood Village": 1,
      "Cooper": 1,
      "West Mifflin": 1,
      "Harrisonburg": 1,
      "Deerfield": 1,
      "Hawthorne": 1,
      "West Jordan": 1,
      "Pierce": 1,
      "Winona": 1,
      "Forest City": 1,
      "Atlanta,": 1,
      "Shafter": 1,
      "North Brunswick": 1,
      "Ann Arbor": 1,
      "Belgrade": 1,
      "Wauwatosa": 1,
      "South Burlington": 1,
      "Lisbon": 1,
      "Placentia": 1,
      "Rutland": 1,
      "Mason Citty": 1,
      "Saratoga Springs": 1,
      "Fond Du Lac": 1,
      "Norton": 1,
      "Fletcher": 1,
      "Monroe": 1,
      "Hudson": 1,
      "Cudahy": 1,
      "Elkridge": 1,
      "Rock Hill": 1,
      "Cedar Hill": 1,
      "Lenoir": 1,
      "Lee's Summit": 1,
      "Washington": 1,
      "Lyons": 1,
      "San Leandro": 1,
      "Moss Landing": 1,
      "Mentor": 1,
      "Lake Mills": 1,
      "New Jersey": 1,
      "Irwindale": 1,
      "Humble": 1,
      "Itasca": 1,
      "Taylors": 1,
      "Santa Fe": 1,
      "Palestine": 1,
      "Logan Township": 1,
      "Valley Park": 1,
      "Randolph": 1,
      "Brea": 1,
      "Bellevue": 1,
      "Connellsville": 1,
      "Schulenburg": 1,
      "Fredericksburg": 1,
      "Gloucester City": 1,
      "Sudlersville": 1,
      "El Reno": 1,
      "Russelville": 1,
      "Owatonna": 1,
      "Burton": 1,
      "Radford": 1,
      "Lenexa": 1,
      "Matthews": 1,
      "Chambersburg": 1,
      "Bentonville": 1,
      "Chesterton": 1,
      "Truckee": 1,
      "Fultonville": 1,
      "Friesland": 1,
      "Davisville": 1,
      "Weirton": 1,
      "West Bend": 1,
      "Woonsocket": 1,
      "Holden": 1,
      "Rockdale": 1,
      "East Windsor": 1,
      "Oakdale": 1,
      "Tiffin": 1,
      "Temple": 1,
      "Boston": 1,
      "Bridgewater": 1,
      "Perris": 1,
      "Orangeburg": 1,
      "(704) 456-9507": 1,
      "West Palm Beach": 1,
      "Richmond Hill": 1,
      "Coopersville": 1,
      "Winslow": 1,
      "Sylmar": 1,
      "Cherokee": 1,
      "Farmers Branch": 1,
      "Hastings": 1,
      "Rapid City": 1,
      "Willard": 1,
      "Tobyhanna": 1,
      "Lodi": 1,
      "Wapato": 1,
      "Tigard": 1,
      "Fort Collins": 1,
      "Lyndhurst": 1,
      "Batavia": 1,
      "Ephrata": 1,
      "Friona": 1,
      "Goldfield": 1,
      "Pleasant Prairie": 1,
      "West Caldwell": 1,
      "Cascade": 1,
      "Bay Shore": 1,
      "Olathe": 1,
      "Buena Vista": 1,
      "Elmira": 1,
      "Suffield": 1,
      "Paw Paw": 1,
      "Piscataway": 1,
      "Ormond Beach": 1,
      "Solon": 1,
      "Port Barre": 1,
      "Pembroke": 1,
      "Sharon": 1,
      "Lawrenceville": 1,
      "Delano": 1,
      "Weyauwega": 1,
      "Claymont": 1,
      "TEST": 1,
      "Pemberton": 1,
      "Melvindale": 1,
      "Carol Stream": 1,
      "Crystal Lake": 1,
      "Dodge Ciy": 1,
      "Carterville": 1,
      "Milburn": 1,
      "Utica": 1,
      "Lewistown": 1,
      "Tyler": 1,
      "West Covina": 1,
      "MIlwaukee": 1,
      "Boonville": 1,
      "Everett": 1,
      "Chicago Ridge": 1,
      "Luverne": 1,
      "Farmington Hills": 1,
      "Berkeley": 1,
      "Hertford": 1,
      "London": 1,
      "Ridgeville": 1,
      "Menasha": 1,
      "East Hatford": 1,
      "Wakefield": 1,
      "Etters": 1,
      "Bayfield": 1,
      "Glenshaw": 1,
      "Wooddale": 1,
      "Jurupa Valley": 1,
      "Wood Dale": 1,
      "Tinley Park": 1,
      "Beltsville": 1,
      "Rahway": 1,
      "Chicago Heights": 1,
      "Detroit Lakes": 1,
      "McJunkin": 1,
      "Clifton": 1,
      "Woodstock": 1,
      "Kirkwood": 1,
      "Biloxi": 1,
      "Bristol": 1,
      "Sturtevant": 1,
      "Tipp City": 1,
      "La Parte": 1,
      "Glen Burnie": 1,
      "Concord": 1,
      "East Liberty": 1,
      "Stafford": 1,
      "Mason": 1,
      "Pottstown": 1,
      "Goose Creek": 1,
      "Jerome": 1,
      "Auburn Hills": 1,
      "Fort Morgan": 1,
      "Westbrook": 1,
      "Demanko Logistics": 1,
      "Frederick": 1,
      "Irvine": 1,
      "Polk City": 1,
      "Waxahachie": 1,
      "Hadley": 1,
      "Corunna": 1,
      "Flint": 1,
      "Miami Lakes": 1,
      "Miami Gardens": 1,
      "Stamford": 1,
      "Richfield": 1,
      "Locust Grove": 1,
      "Baldwin": 1,
      "McCalla": 1,
      "Fort Piece": 1,
      "Brownstown TWP": 1,
      "Theodore": 1,
      "Hicksville": 1,
      "Hammonton": 1,
      "Hanahan": 1,
      "Midlothian": 1,
      "Bourbonnais": 1,
      "Sperry": 1,
      "Spanaway": 1,
      "Southaven": 1,
      "Clare": 1,
      "Muskegon": 1,
      "South Kent": 1,
      "Chelsea": 1,
      "Tualatin": 1,
      "Ardmore": 1,
      "Redlands": 1,
      "Faribault": 1,
      "Allen Park": 1,
      "Queen City": 1,
      "Garden Grove": 1,
      "Golden Valley": 1,
      "Sunnyvale": 1,
      "Woodridge": 1,
      "Loveland": 1,
      "Scottsdale": 1,
      "Manteca": 1,
      "Fall River": 1,
      "Pendleton": 1,
      "Cortez": 1,
      "Jefferson": 1,
      "Williamsburg": 1,
      "Clive": 1,
      "Georgetown": 1,
      "Braintree": 1,
      "State College": 1,
      "Lino Lakes": 1,
      "Clarksville": 1,
      "Ash Fork": 1,
      "Bellingham": 1,
      "Barnwell": 1,
      "Windham": 1,
      "Chicgo": 1,
      "Hopewell": 1,
      "Statesville": 1,
      "Santa Teresa": 1,
      "Arden": 1,
      "Lincoln": 1,
      "Cherry Hill Township": 1,
      "Redmond": 1,
      "Perryville": 1,
      "Palmdale": 1,
      "Oxford": 1,
      "Helena": 1,
      "Maspeth": 1,
      "Hutchins": 1,
      "Elk Grove": 1,
      "Asheville": 1,
      "Monmouth Junction": 1,
      "East Boston": 1,
      "Miama Springs": 1,
      "Othello": 1,
      "Turlock": 1,
      "Panama City": 1,
      "Mount Joy": 1,
      "Enfield": 1,
      "Manor": 1,
      "Dundalk": 1,
      "Simpsonville": 1,
      "Calera": 1,
      "Rancho Dominguez": 1,
      "Southington": 1,
      "Swanton": 1,
      "Murray": 1,
      "Charles Town": 1,
      "Hamilton": 1,
      "La porte": 1,
      "McKinney": 1,
      "Pearl": 1,
      "Poland": 1,
      "Somsert": 1,
      "Independence": 1,
      "Torrence": 1,
      "Olivehurst": 1,
      "Englewood": 1,
      "New Hartford": 1,
      "Newport News": 1,
      "Dickson": 1,
      "Hollywood": 1,
      "Northvale": 1,
      "Vicksburg": 1,
      "Middlesex": 1,
      "Gardginer": 1,
      "Grimes": 1,
      "Mount Morris": 1,
      "Hanover Park": 1,
      "Austell": 1,
      "Lake City": 1,
      "Teterboro": 1,
      "South Bend": 1,
      "Wilsonville": 1,
      "Brownstown Township": 1,
      "Attalla": 1,
      "Inver Grove Heights": 1,
      "Kentwood": 1,
      "West Allis": 1,
      "Woodlawn": 1,
      "Belleville": 1,
      "Pico Rivera": 1,
      "Amherst": 1,
      "Belle Vernon": 1,
      "Port Newark": 1,
      "Martinsburg": 1,
      "Grand Ledge": 1,
      "Breinigsville": 1,
      "Niagara Falls": 1,
      "Germantown": 1,
      "Clevland": 1,
      "Schuyler": 1,
      "Carlstadt": 1,
      "Miami Springs": 1,
      "Perrysburg": 1,
      "Greeley": 1,
      "Sidney": 1,
      "Port Isabel": 1,
      "Horseheads": 1,
      "Grenada": 1,
      "Clayton": 1,
      "Cristi": 1,
      "Vienna": 1,
      "Winter Haven,": 1,
      "Marietta": 1,
      "Brooklyn Heights": 1,
      "Saint George": 1,
      "Vesper": 1,
      "Paramus": 1,
      "Wexford": 1,
      "Virginia Beach": 1,
      "Irvington": 1,
      "Dunkirk": 1,
      "Hart": 1,
      "Whitehall": 1,
      "Milwaukie": 1,
      "University Park": 1,
      "Ashley": 1,
      "Grand Bay": 1,
      "Hoffman Estates": 1,
      "Marshalltown": 1,
      "Marshville": 1,
      "Palo Alto": 1,
      "Sandston": 1,
      "Flowery Branch": 1,
      "Blakely": 1,
      "Gary": 1,
      "Old Bethpage": 1,
      "Rock Island": 1,
      "Orland Park": 1,
      "Aberdeen": 1,
      "Muscoda": 1,
      "North Fort Myers": 1,
      "Kenosha": 1,
      "Dandridge": 1,
      "Allenton": 1,
      "Ashaway": 1,
      "East Point": 1,
      "Hermon": 1,
      "Somerville": 1,
      "Sanborn": 1,
      "Monroe Township": 1,
      "Gray Court": 1,
      "Jamesburg": 1,
      "Moosic": 1,
      "Windsor Locks": 1,
      "Tallmadge": 1,
      "Ashdown": 1,
      "East Lansing": 1,
      "Elmira Heights": 1,
      "Skowhegan": 1,
      "Summer": 1,
      "SW Seattle": 1,
      "Milkwaukee": 1,
      "Hudsonville": 1,
      "Hopkinsville": 1,
      "Worthington": 1,
      "East Syracuse": 1,
      "Barberton": 1,
      "Bay City": 1,
      "Calhoun": 1,
      "Strongsville": 1,
      "Palmetto": 1,
      "Hazelton": 1,
      "Shortsville": 1,
      "Clearfield": 1,
      "Muskego": 1,
      "Millinocket": 1,
      "Exeter": 1,
      "Chickasha": 1,
      "Spark": 1,
      "Tejon Ranch": 1,
      "Salina": 1,
      "Gibsonia": 1,
      "Plymouth": 1,
      "Mccook": 1,
      "South San Francisco": 1,
      "Ruffs Dale": 1,
      "Monee": 1,
      "East St. Louis": 1,
      "West Hartford": 1,
      "New Brighton": 1,
      "Spokane Valley": 1,
      "North Glencoe": 1,
      "Freemont": 1,
      "Lockhart": 1,
      "Grinnell": 1,
      "Navarre": 1,
      "Greensburg": 1,
      "South River": 1,
      "Hooks": 1,
      "National Staffing": 1,
      "Sandra Springs": 1,
      "Little Chute": 1,
      "Modoc": 1,
      "Schofield": 1,
      "St. Bernard": 1,
      "Fairmont City": 1,
      "Centreville": 1,
      "Muscatine": 1,
      "Ankeny": 1,
      "Ammon": 1,
      "Brook Park": 1,
      "Schaumburg": 1,
      "Rosenberg": 1,
      "Dixon": 1,
      "Forest Grove": 1,
      "Granite City": 1,
      "Silver bow": 1,
      "West Conroe": 1,
      "Hopkins": 1,
      "Rochester Hills": 1,
      "White River Junction": 1,
      "Starr": 1,
      "Claysburg": 1,
      "Champaign": 1,
      "Sparrows Point": 1,
      "Washington Park": 1,
      "Gibraltar": 1,
      "Lom": 1,
      "Anthony": 1,
      "Waterville": 1,
      "Douglasville": 1
    },
    "warehouses_without_city": 6
  },
  "states": {
    "total_unique": 61,
    "values": [
      "AL",
      "AR",
      "AZ",
      "CA",
      "CO",
      "CT",
      "Ca",
      "Canada",
      "DE",
      "FL",
      "Fl",
      "GA",
      "HI",
      "IA",
      "ID",
      "IL",
      "IN",
      "KS",
      "KT",
      "KY",
      "LA",
      "MA",
      "MD",
      "ME",
      "MI",
      "MN",
      "MO",
      "MS",
      "MT",
      "NC",
      "ND",
      "NE",
      "NH",
      "NJ",
      "NM",
      "NV",
      "NY",
      "OH",
      "OK",
      "OR",
      "Oh",
      "PA",
      "PQ",
      "QC",
      "RI",
      "SC",
      "SD",
      "TEST",
      "TN",
      "TX",
      "Tx",
      "USA",
      "UT",
      "VA",
      "VT",
      "Virginia",
      "WA",
      "WI",
      "WV",
      "WY",
      "Wa"
    ],
    "counts": {
      "TX": 360,
      "CA": 325,
      "FL": 182,
      "IL": 151,
      "GA": 147,
      "PA": 142,
      "TN": 135,
      "OH": 132,
      "MI": 105,
      "NY": 104,
      "NJ": 102,
      "WI": 95,
      "WA": 92,
      "SC": 92,
      "NC": 89,
      "IN": 78,
      "CO": 71,
      "VA": 68,
      "MO": 63,
      "AZ": 60,
      "MA": 57,
      "KY": 55,
      "AL": 54,
      "MN": 54,
      "IA": 54,
      "UT": 47,
      "NV": 42,
      "CT": 41,
      "OR": 39,
      "MD": 34,
      "WV": 33,
      "ME": 33,
      "AR": 32,
      "LA": 29,
      "OK": 24,
      "ID": 24,
      "KS": 21,
      "MS": 19,
      "NE": 18,
      "NM": 16,
      "NH": 12,
      "SD": 11,
      "DE": 11,
      "ND": 10,
      "MT": 9,
      "VT": 7,
      "RI": 5,
      "HI": 4,
      "WY": 4,
      "QC": 3,
      "Tx": 2,
      "PQ": 1,
      "Oh": 1,
      "Wa": 1,
      "Virginia": 1,
      "TEST": 1,
      "Canada": 1,
      "Ca": 1,
      "KT": 1,
      "Fl": 1,
      "USA": 1
    },
    "warehouses_without_state": 4
  }
}